{
    "ctrl_major_C_brow": [
        [
            -1.0, 
            1.0
        ], 
        [
            -3.0, 
            3.0
        ], 
        [
            -8.0, 
            8.0
        ], 
        [
            -32.0, 
            32.0
        ], 
        [
            -45.0, 
            45.0
        ], 
        [
            -45.0, 
            45.0
        ], 
        [
            -1.0, 
            1.0
        ], 
        [
            -1.0, 
            1.0
        ], 
        [
            -1.0, 
            1.0
        ]
    ],
    "ctrl_major_C_jaw": [
        [
            -10.0,
            10.0
        ], 
        [
            -10.0,
            10.0
        ], 
        [
            -10.0,
            10.0
        ], 
        [
            -45.0, 
            45.0
        ], 
        [
            -45.0, 
            45.0
        ], 
        [
            -45.0, 
            45.0
        ], 
        [
            -10.0,
            10.0
        ], 
        [
            -10.0,
            10.0
        ], 
        [
            -10.0,
            10.0
        ]
    ],
    "ctrl_major_C_mouthDown": [
        [
            -1.0, 
            1.0
        ], 
        [
            -1.5, 
            1.5
        ], 
        [
            -3.5, 
            4.0
        ], 
        [
            -29.999999999999996, 
            29.999999999999996
        ], 
        [
            -40.0, 
            40.0
        ], 
        [
            -20.0, 
            20.0
        ], 
        [
            -1.0, 
            1.0
        ], 
        [
            -1.0, 
            1.0
        ], 
        [
            -1.0, 
            1.0
        ]
    ],
    "ctrl_major_C_mouthUp": [
        [
            -1.0, 
            1.0
        ], 
        [
            -1.5, 
            1.5
        ], 
        [
            -2.0, 
            2.0
        ], 
        [
            -45.0, 
            45.0
        ], 
        [
            -50.0, 
            50.0
        ], 
        [
            -45.0, 
            45.0
        ], 
        [
            -1.0, 
            1.0
        ], 
        [
            -1.0, 
            1.0
        ], 
        [
            -1.0, 
            1.0
        ]
    ],
    "ctrl_major_L_brow": [
        [
            -1.0, 
            1.0
        ], 
        [
            -2.0, 
            2.0
        ], 
        [
            -5.0, 
            5.0
        ], 
        [
            -35.0, 
            35.0
        ], 
        [
            -45.0, 
            45.0
        ], 
        [
            -45.0, 
            45.0
        ], 
        [
            -1.0, 
            1.0
        ], 
        [
            -1.0, 
            1.0
        ], 
        [
            -1.0, 
            1.0
        ]
    ],
    "ctrl_major_L_cheek": [
        [
            -1.0, 
            1.0
        ], 
        [
            -4.0, 
            4.0
        ], 
        [
            -4.0, 
            4.0
        ], 
        [
            -45.0, 
            45.0
        ], 
        [
            -45.0, 
            45.0
        ], 
        [
            -45.0, 
            45.0
        ], 
        [
            -1.0, 
            1.0
        ], 
        [
            -1.0, 
            1.0
        ], 
        [
            -1.0, 
            1.0
        ]
    ],
    "ctrl_major_L_lidIn": [
        [
            -1.0, 
            1.0
        ], 
        [
            -1.0, 
            1.0
        ], 
        [
            -1.0, 
            1.0
        ], 
        [
            -45.0, 
            45.0
        ], 
        [
            -45.0, 
            45.0
        ], 
        [
            -45.0, 
            45.0
        ], 
        [
            -1.0, 
            1.0
        ], 
        [
            -1.0, 
            1.0
        ], 
        [
            -1.0, 
            1.0
        ]
    ],
    "ctrl_major_L_lidLow": [
        [
            -1.0, 
            1.0
        ], 
        [
            -1.0, 
            1.0
        ], 
        [
            -1.5, 
            2.0
        ], 
        [
            -10.0, 
            10.0
        ], 
        [
            -45.0, 
            45.0
        ], 
        [
            -45.0, 
            45.0
        ], 
        [
            -1.0, 
            1.0
        ], 
        [
            -1.0, 
            1.0
        ], 
        [
            -1.0, 
            1.0
        ]
    ],
    "ctrl_major_L_lidOut": [
        [
            -1.0, 
            1.0
        ], 
        [
            -1.0, 
            1.0
        ], 
        [
            -1.0, 
            1.0
        ], 
        [
            -45.0, 
            45.0
        ], 
        [
            -45.0, 
            45.0
        ], 
        [
            -45.0, 
            45.0
        ], 
        [
            -1.0, 
            1.0
        ], 
        [
            -1.0, 
            1.0
        ], 
        [
            -1.0, 
            1.0
        ]
    ],
    "ctrl_major_L_lidUp": [
        [
            -1.0, 
            1.0
        ], 
        [
            -1.0, 
            1.0
        ], 
        [
            -2.5, 
            2.0
        ], 
        [
            -14.999999999999998, 
            14.999999999999998
        ], 
        [
            -45.0, 
            45.0
        ], 
        [
            -45.0, 
            45.0
        ], 
        [
            -1.0, 
            1.0
        ], 
        [
            -1.0, 
            1.0
        ], 
        [
            -1.0, 
            1.0
        ]
    ],
    "ctrl_major_L_mouthCorner": [
        [
            -1.0, 
            5.0
        ], 
        [
            -4.0, 
            4.0
        ], 
        [
            -4.0, 
            4.0
        ], 
        [
            -45.0, 
            45.0
        ], 
        [
            -45.0, 
            45.0
        ], 
        [
            -45.0, 
            45.0
        ], 
        [
            -1.0, 
            1.0
        ], 
        [
            -1.0, 
            1.0
        ], 
        [
            -1.0, 
            1.0
        ]
    ],
    "ctrl_major_L_mouthLow": [
        [
            -1.0, 
            1.0
        ], 
        [
            -2.0, 
            2.0
        ], 
        [
            -2.5, 
            3.0
        ], 
        [
            -45.0, 
            45.0
        ], 
        [
            -45.0, 
            45.0
        ], 
        [
            -45.0, 
            45.0
        ], 
        [
            -1.0, 
            1.0
        ], 
        [
            -1.0, 
            1.0
        ], 
        [
            -1.0, 
            1.0
        ]
    ],
    "ctrl_major_L_mouthUp": [
        [
            -1.0, 
            1.0
        ], 
        [
            -2.0, 
            2.0
        ], 
        [
            -3.0, 
            3.0
        ], 
        [
            -45.0, 
            45.0
        ], 
        [
            -45.0, 
            45.0
        ], 
        [
            -45.0, 
            45.0
        ], 
        [
            -1.0, 
            1.0
        ], 
        [
            -1.0, 
            1.0
        ], 
        [
            -1.0, 
            1.0
        ]
    ],
    "ctrl_major_L_nasal": [
        [
            -1.0, 
            1.0
        ], 
        [
            -2.0, 
            3.0
        ], 
        [
            -3.0, 
            3.0
        ], 
        [
            -45.0, 
            45.0
        ], 
        [
            -45.0, 
            45.0
        ], 
        [
            -45.0, 
            45.0
        ], 
        [
            -1.0, 
            1.0
        ], 
        [
            -1.0, 
            1.0
        ], 
        [
            -1.0, 
            1.0
        ]
    ],